customer_id,age,gender,city,tenure_months,monthly_spend,support_calls,purchase_frequency,churn
1,26,Male,Ahmedabad,53,511.6,0,9.9,0
2,55,Male,Mumbai,33,748.99,0,3.27,0
3,39,Female,Mumbai,41,401.71,2,14.4,0
4,18,Male,Bhopal,27,1069.42,0,8.13,0
5,27,Female,Kolkata,24,494.94,3,3.28,0
6,41,Female,Delhi,3,643.5,1,4.59,0
7,40,Male,Nagpur,43,340.96,2,6.54,0
8,50,Female,Bengaluru,49,2602.32,1,3.43,0
9,38,Other,Hyderabad,41,144.0,4,1.69,1
10,32,Female,Chennai,15,598.94,0,2.81,0
11,33,Male,Mysuru,18,144.0,2,8.48,0
12,38,Male,Thiruvananthapuram,7,935.87,1,4.62,0
13,42,Male,Bengaluru,26,328.59,1,4.84,0
14,27,Male,Bengaluru,55,1081.77,2,5.34,0
15,31,Female,Hyderabad,42,427.17,2,0.86,0
16,42,Female,Mumbai,17,3853.63,0,6.44,0
17,37,Female,Bengaluru,3,2811.32,4,0.75,0
18,34,Other,Mysuru,35,417.22,0,3.13,0
19,45,Female,Bhopal,38,2120.84,3,6.64,0
20,26,Male,Pune,26,1255.8,1,11.53,0
21,42,Male,Chennai,24,960.05,2,2.58,0
22,50,Female,Vadodara,20,376.58,0,1.49,0
23,35,Female,Kolkata,26,623.13,3,4.41,0
24,34,Male,Vadodara,12,1040.11,1,8.34,1
25,22,Male,Ghaziabad,34,2059.3,1,12.31,0
26,31,Male,Mumbai,37,413.84,1,1.84,0
27,27,Male,Mumbai,35,1010.72,3,3.84,0
28,47,Male,Coimbatore,32,252.56,1,0.72,0
29,32,Female,Mumbai,53,1639.44,2,6.01,0
30,32,Male,Bengaluru,25,1183.17,1,11.5,0
31,48,Male,Bengaluru,30,1048.34,3,5.38,0
32,34,Male,Pune,62,1026.17,0,10.91,0
33,42,Female,Mumbai,4,549.58,3,2.34,0
34,31,Male,Chennai,3,1196.94,3,5.19,0
35,40,Male,Pune,39,1019.52,2,1.84,0
36,33,Male,Mumbai,26,588.97,1,4.97,0
37,50,Male,Bengaluru,64,486.9,0,11.96,0
38,38,Female,Chennai,47,1831.66,0,3.28,0
39,18,Male,Bengaluru,44,520.33,1,1.29,0
40,29,Male,Hyderabad,45,1264.21,1,7.68,0
41,20,Female,Hyderabad,12,453.81,3,3.49,0
42,41,Female,Mumbai,32,518.49,0,9.92,0
43,44,Female,Kolkata,67,1328.64,0,4.31,0
44,38,Female,Mumbai,7,4007.69,0,1.8,0
45,29,Female,Kolkata,29,934.14,2,2.43,0
46,21,Male,Mumbai,11,852.77,5,3.31,0
47,34,Female,Pune,41,1362.3,3,2.81,0
48,27,Female,Indore,46,403.32,1,11.46,0
49,46,Male,Bengaluru,13,928.57,2,4.61,0
50,30,Male,Mumbai,30,577.93,2,5.64,0
51,40,Female,Bengaluru,54,247.93,2,2.42,0
52,29,Male,Hyderabad,31,3014.52,2,2.98,0
53,48,Female,Kolkata,11,598.09,2,7.15,0
54,23,Female,Delhi,38,472.42,1,5.56,0
55,31,Female,Mumbai,65,627.26,1,1.63,0
56,42,Female,Bhopal,5,358.17,2,9.51,0
57,55,Female,Chennai,22,611.22,1,4.01,0
58,18,Male,Kolkata,25,144.0,1,2.2,0
59,20,Female,Visakhapatnam,39,973.96,2,9.01,0
60,41,Male,Coimbatore,35,205.17,0,4.0,1
61,54,Male,Guwahati,40,162.93,2,9.65,0
62,45,Female,Bengaluru,63,2186.88,0,9.35,0
63,44,Female,Delhi,29,1355.6,1,4.02,0
64,22,Male,Mumbai,15,297.73,2,4.14,0
65,38,Female,Hyderabad,32,1939.36,1,6.29,1
66,41,Female,Kolkata,57,1120.95,2,3.4,0
67,38,Male,Kolkata,27,709.56,1,9.14,0
68,39,Male,Thiruvananthapuram,42,698.34,2,3.85,0
69,44,Female,Bhopal,33,354.78,2,4.48,0
70,18,Male,Chennai,27,547.52,0,4.47,0
71,18,Male,Mumbai,23,5126.66,2,1.06,0
72,21,Male,Chennai,46,709.99,0,5.48,0
73,36,Female,Surat,21,436.31,0,6.87,1
74,30,Female,Thiruvananthapuram,26,1175.16,3,1.57,0
75,19,Female,Jaipur,3,946.92,3,5.52,0
76,54,Female,Ahmedabad,26,342.43,1,4.78,0
77,33,Female,Bhopal,26,573.78,0,2.92,1
78,37,Male,Jaipur,32,308.9,2,2.12,1
79,46,Male,Ahmedabad,20,3322.49,3,4.2,0
80,61,Female,Hyderabad,6,1188.55,4,1.95,0
81,34,Female,Hyderabad,36,347.62,3,3.53,1
82,37,Female,Chennai,40,779.36,1,3.79,0
83,20,Female,Thiruvananthapuram,17,2578.6,1,6.01,0
84,34,Male,Ahmedabad,34,986.13,2,1.04,0
85,20,Male,Patna,21,791.94,3,2.18,1
86,30,Female,Chennai,26,1000.86,2,8.52,0
87,44,Female,Pune,32,338.65,1,6.81,0
88,39,Male,Lucknow,19,1180.16,0,3.51,0
89,46,Female,Jaipur,11,287.72,4,3.52,0
90,38,Female,Delhi,63,1097.45,2,3.37,0
91,49,Female,Surat,26,2447.91,3,10.64,0
92,23,Male,Delhi,33,725.53,0,2.13,0
93,50,Female,Ahmedabad,53,1251.76,1,4.68,0
94,28,Female,Bengaluru,49,473.91,1,3.45,0
95,30,Male,Bengaluru,12,1086.24,2,10.85,0
96,31,Male,Ghaziabad,20,350.35,0,10.85,0
97,57,Female,Jaipur,82,144.0,1,5.68,0
98,26,Female,Bengaluru,31,892.86,0,10.38,0
99,41,Male,Lucknow,44,1287.97,0,10.78,0
100,40,Female,Nagpur,35,593.37,4,5.46,0
101,36,Male,Bengaluru,25,451.48,1,11.03,0
102,26,Female,Vadodara,31,708.67,2,4.82,0
103,21,Female,Noida,34,1129.48,2,7.55,0
104,21,Male,Bengaluru,36,2627.61,2,8.99,0
105,48,Male,Nagpur,3,1620.37,6,1.91,0
106,26,Female,Delhi,20,1350.6,2,6.31,0
107,20,Female,Delhi,15,423.02,0,5.53,0
108,46,Male,Coimbatore,3,475.1,2,1.2,1
109,42,Male,Vadodara,13,144.0,0,4.47,1
110,35,Male,Chennai,3,681.21,5,1.47,0
111,29,Male,Bengaluru,62,937.41,0,6.89,0
112,18,Male,Bengaluru,20,3191.45,0,2.33,0
113,26,Male,Chennai,20,144.0,0,4.76,0
114,33,Male,Ahmedabad,43,586.56,0,1.46,0
115,22,Male,Surat,25,248.25,0,11.6,0
116,22,Female,Nagpur,41,696.44,0,5.22,0
117,60,Male,Thiruvananthapuram,23,429.39,1,7.35,0
118,18,Female,Coimbatore,28,4804.59,2,3.38,0
119,38,Male,Hyderabad,23,2284.53,1,13.44,0
120,25,Female,Mysuru,45,908.39,1,1.86,0
121,37,Female,Kolkata,19,850.68,2,1.93,0
122,20,Female,Chennai,3,144.0,0,7.07,0
123,49,Female,Jaipur,30,788.79,2,7.69,0
124,31,Female,Nagpur,47,553.3,0,2.51,0
125,55,Female,Kolkata,16,1363.98,1,3.61,0
126,51,Male,Chennai,10,431.47,1,15.13,1
127,24,Other,Surat,18,320.76,1,7.23,0
128,23,Female,Chennai,3,1919.15,1,5.35,0
129,19,Male,Pune,11,450.97,2,4.29,0
130,23,Female,Vadodara,15,926.0,0,3.98,0
131,49,Female,Mysuru,42,1251.14,1,2.91,0
132,54,Female,Ahmedabad,21,3703.5,3,12.67,0
133,28,Male,Hyderabad,42,805.5,0,7.73,0
134,48,Female,Delhi,5,1015.76,3,12.98,0
135,34,Male,Mumbai,74,1799.32,1,2.56,0
136,31,Male,Bengaluru,13,2101.3,0,0.75,0
137,33,Male,Mumbai,10,409.53,6,8.09,0
138,44,Female,Indore,53,881.79,0,5.23,0
139,18,Female,Delhi,9,2528.12,0,5.67,0
140,30,Other,Delhi,34,248.76,0,5.07,0
141,27,Male,Chennai,80,1265.54,0,6.28,0
142,45,Male,Ahmedabad,20,144.0,0,0.75,0
143,44,Female,Mumbai,3,812.72,3,2.77,0
144,47,Female,Mumbai,30,557.39,2,4.24,1
145,43,Male,Mysuru,17,1186.53,0,4.62,0
146,39,Female,Kolkata,12,957.05,2,2.15,0
147,25,Female,Vadodara,38,730.42,1,7.23,0
148,38,Male,Delhi,47,1711.09,3,8.41,0
149,30,Male,Visakhapatnam,37,482.26,4,3.83,0
150,29,Female,Delhi,35,346.51,2,4.17,0
151,18,Male,Ahmedabad,3,203.54,4,8.89,1
152,48,Male,Visakhapatnam,20,845.47,2,2.14,0
153,23,Female,Delhi,44,4627.56,4,8.56,0
154,35,Male,Mumbai,9,1452.61,2,3.86,0
155,58,Female,Ahmedabad,37,889.29,1,4.28,0
156,46,Male,Chennai,12,150.99,2,6.95,0
157,29,Female,Pune,45,1829.77,1,3.8,0
158,65,Female,Jaipur,13,2467.37,1,1.48,0
159,48,Male,Indore,43,494.52,1,5.66,0
160,25,Male,Ahmedabad,43,313.43,0,3.4,0
161,30,Female,Bhopal,30,227.16,2,5.45,0
162,48,Female,Noida,26,218.51,3,4.39,0
163,45,Male,Ghaziabad,6,974.22,3,7.0,0
164,40,Female,Hyderabad,4,1646.22,1,1.88,0
165,21,Male,Delhi,67,1063.93,3,7.61,0
166,34,Female,Guwahati,14,2741.05,0,12.78,0
167,45,Male,Bengaluru,3,775.64,4,1.12,0
168,58,Male,Visakhapatnam,34,591.79,0,7.19,0
169,37,Female,Delhi,19,614.36,1,9.15,0
170,33,Female,Delhi,31,747.53,1,2.37,0
171,32,Female,Hyderabad,28,4543.9,0,4.57,0
172,41,Male,Hyderabad,7,1260.57,4,3.17,0
173,18,Male,Mumbai,3,1609.26,3,7.77,0
174,30,Male,Mysuru,28,2716.51,1,12.1,0
175,34,Female,Bengaluru,50,427.72,2,4.17,0
176,39,Female,Mumbai,22,5440.06,1,11.58,0
177,34,Female,Delhi,33,377.96,3,3.52,0
178,32,Male,Mumbai,42,1589.94,2,2.63,0
179,29,Male,Pune,18,2566.03,0,15.78,0
180,36,Male,Visakhapatnam,15,922.07,3,13.99,0
181,41,Female,Jaipur,18,1237.56,0,2.39,0
182,40,Male,Hyderabad,44,571.09,3,5.35,0
183,47,Female,Visakhapatnam,38,536.24,4,4.11,0
184,30,Male,Hyderabad,33,932.65,1,11.16,0
185,42,Male,Mumbai,6,672.89,1,3.49,0
186,18,Female,Hyderabad,63,725.18,0,2.97,0
187,31,Female,Mumbai,30,1079.23,0,14.43,0
188,52,Male,Delhi,24,1372.9,1,3.37,1
189,24,Female,Delhi,41,929.0,1,4.41,0
190,44,Male,Bengaluru,41,323.03,2,7.25,0
191,28,Male,Bengaluru,27,723.15,2,5.6,0
192,37,Male,Kolkata,41,446.83,2,2.77,0
193,18,Male,Vadodara,64,988.95,2,2.98,0
194,56,Male,Kolkata,39,1359.76,2,6.85,0
195,53,Female,Indore,25,1153.99,0,13.28,0
196,27,Female,Noida,10,889.58,3,4.9,0
197,23,Female,Pune,10,1100.0,1,5.92,0
198,18,Male,Mumbai,15,510.33,1,4.79,1
199,38,Female,Mumbai,18,3066.59,1,4.99,0
200,38,Male,Bhopal,6,1964.37,6,4.83,0
201,42,Male,Ahmedabad,24,433.76,4,5.54,1
202,41,Female,Chennai,26,694.92,0,1.53,0
203,24,Female,Lucknow,10,1119.34,0,3.27,1
204,48,Male,Mumbai,3,1205.64,1,4.5,0
205,54,Female,Indore,45,789.03,0,7.94,0
206,32,Male,Lucknow,42,318.76,2,1.99,0
207,28,Male,Pune,23,1788.62,1,2.93,0
208,33,Male,Jaipur,30,1156.43,1,3.56,0
209,31,Female,Kolkata,32,619.1,2,4.49,0
210,46,Male,Chennai,42,577.22,0,4.48,0
211,46,Male,Chennai,39,350.78,1,5.6,0
212,43,Female,Mumbai,26,234.4,0,20.0,0
213,32,Male,Ahmedabad,21,832.37,1,3.61,0
214,36,Female,Ghaziabad,15,2727.7,2,2.36,0
215,48,Other,Hyderabad,39,1691.3,2,12.26,0
216,43,Male,Mumbai,61,1025.5,0,4.39,0
217,38,Female,Ahmedabad,31,1692.03,1,6.21,1
218,40,Female,Hyderabad,43,786.72,0,1.5,0
219,49,Female,Delhi,50,252.2,2,1.68,0
220,31,Female,Chennai,28,157.86,2,2.88,0
221,23,Male,Delhi,3,1918.38,4,3.49,0
222,31,Female,Patna,17,330.97,1,8.68,0
223,58,Male,Chennai,47,1475.12,0,7.49,0
224,26,Male,Nagpur,26,722.11,3,5.62,0
225,50,Male,Mumbai,49,1222.4,2,5.99,0
226,22,Male,Mumbai,14,812.1,1,1.01,0
227,36,Male,Indore,39,2802.48,0,20.0,0
228,43,Male,Hyderabad,16,889.07,3,6.22,0
229,31,Female,Coimbatore,17,624.94,0,9.57,0
230,28,Female,Mumbai,42,1742.8,1,6.27,0
231,40,Female,Delhi,41,2024.54,1,6.85,0
232,23,Other,Kanpur,5,1007.37,4,9.4,0
233,48,Female,Mumbai,43,549.58,3,2.65,0
234,28,Other,Pune,31,160.97,1,2.1,0
235,41,Male,Bengaluru,42,1123.64,3,9.56,0
236,28,Female,Bengaluru,43,520.46,2,4.87,0
237,34,Male,Mumbai,34,622.29,1,6.97,0
238,34,Female,Jaipur,48,1115.87,2,7.45,0
239,47,Female,Mumbai,22,1210.08,0,8.35,0
240,42,Female,Bengaluru,47,3660.03,0,9.23,0
241,21,Male,Pune,3,750.63,2,2.13,0
242,18,Female,Noida,27,309.98,1,5.34,0
243,21,Female,Indore,19,1592.46,2,3.7,0
244,25,Female,Chennai,31,2827.14,2,9.58,0
245,48,Male,Patna,55,918.52,1,8.02,0
246,37,Male,Bengaluru,55,192.62,1,5.41,0
247,48,Male,Mumbai,48,385.82,1,0.69,0
248,26,Female,Delhi,32,1086.11,5,2.3,0
249,32,Male,Mumbai,3,4465.92,2,6.67,0
250,30,Male,Bengaluru,36,1611.56,0,6.4,0
251,18,Male,Pune,34,1709.37,1,9.7,0
252,50,Male,Bengaluru,21,1015.37,0,5.98,0
253,22,Male,Pune,21,145.96,0,1.68,1
254,20,Female,Chennai,61,926.56,3,3.9,0
255,39,Male,Bengaluru,51,612.84,3,11.81,0
256,48,Male,Indore,22,177.71,1,0.4,0
257,45,Male,Hyderabad,45,1132.25,1,3.07,1
258,41,Female,Delhi,39,1073.0,1,9.72,0
259,53,Female,Pune,29,638.04,2,1.94,0
260,28,Male,Kolkata,17,819.46,2,5.07,0
261,18,Female,Kolkata,32,1686.44,1,8.53,0
262,42,Male,Lucknow,26,202.6,1,6.98,0
263,31,Male,Hyderabad,3,709.68,3,1.69,0
264,43,Female,Delhi,29,301.82,0,12.29,1
265,58,Female,Vadodara,60,1229.51,0,1.97,0
266,48,Female,Ahmedabad,8,167.89,0,4.95,0
267,39,Female,Mumbai,40,1180.05,1,4.15,0
268,29,Male,Delhi,44,631.65,2,4.29,0
269,49,Male,Hyderabad,20,476.68,2,0.9,0
270,48,Male,Kolkata,42,1513.75,4,3.9,0
271,45,Female,Ghaziabad,67,2056.8,2,1.29,0
272,38,Female,Delhi,38,1794.07,0,0.84,0
273,25,Female,Lucknow,33,774.77,1,11.78,0
274,39,Female,Surat,31,3848.54,1,2.69,0
275,51,Female,Hyderabad,49,618.22,2,20.0,0
276,27,Male,Lucknow,38,1535.81,2,4.98,0
277,43,Female,Delhi,40,701.3,1,4.38,0
278,60,Female,Hyderabad,19,262.15,2,11.4,0
279,44,Male,Bengaluru,22,1070.42,3,5.27,0
280,43,Male,Hyderabad,46,536.01,3,5.44,0
281,38,Female,Bengaluru,70,1165.45,3,3.45,0
282,45,Male,Coimbatore,53,2318.42,0,1.31,0
283,73,Female,Pune,44,1855.85,2,6.71,0
284,27,Male,Visakhapatnam,16,1840.35,0,1.97,0
285,27,Female,Hyderabad,40,3240.36,1,3.92,0
286,40,Male,Bengaluru,20,494.95,0,5.26,0
287,24,Male,Bengaluru,53,528.15,2,2.21,0
288,26,Female,Delhi,22,2000.13,2,4.67,0
289,24,Female,Lucknow,3,1531.77,1,10.45,0
290,36,Female,Thiruvananthapuram,77,441.0,5,6.36,0
291,18,Male,Delhi,38,422.66,1,8.36,0
292,27,Male,Mumbai,27,935.11,0,7.36,0
293,21,Male,Mumbai,39,2980.13,1,12.51,0
294,30,Male,Mumbai,3,401.45,3,5.03,0
295,41,Female,Chennai,24,449.77,1,20.0,0
296,41,Male,Coimbatore,13,462.38,0,4.66,0
297,36,Female,Bengaluru,13,170.94,1,6.63,1
298,42,Female,Hyderabad,16,2436.73,4,11.83,0
299,31,Female,Thiruvananthapuram,44,1518.49,3,14.67,0
300,34,Male,Surat,33,388.58,2,12.36,0
301,26,Male,Mumbai,29,1141.5,1,4.94,0
302,37,Male,Delhi,19,1292.5,3,0.2,0
303,31,Female,Ghaziabad,22,790.34,0,2.58,0
304,18,Female,Visakhapatnam,21,277.33,2,3.31,0
305,35,Female,Kanpur,36,2532.79,2,5.84,0
306,62,Male,Visakhapatnam,41,722.63,0,3.96,0
307,18,Female,Hyderabad,31,1860.89,3,7.53,0
308,36,Female,Pune,28,285.39,0,6.3,0
309,18,Female,Lucknow,45,160.82,3,0.87,0
310,54,Female,Lucknow,47,1702.97,1,4.04,0
311,57,Female,Pune,23,217.91,1,14.73,0
312,48,Female,Mumbai,26,979.08,0,1.66,0
313,53,Female,Noida,43,375.28,2,2.74,0
314,33,Male,Bengaluru,56,1124.63,1,2.45,0
315,27,Female,Mumbai,47,300.21,2,3.06,0
316,19,Male,Ahmedabad,42,1214.89,0,5.27,0
317,34,Male,Pune,37,4984.39,1,4.19,0
318,46,Other,Kolkata,11,777.0,2,6.64,0
319,40,Male,Visakhapatnam,14,2408.79,2,4.0,0
320,32,Male,Mumbai,34,2891.62,1,10.54,1
321,55,Female,Kanpur,25,551.88,3,1.16,0
322,20,Male,Nagpur,39,1400.36,2,8.31,0
323,25,Male,Delhi,38,685.25,2,3.47,0
324,46,Female,Kolkata,46,561.86,0,3.67,0
325,18,Male,Kanpur,13,1371.09,1,11.55,0
326,20,Male,Hyderabad,34,958.02,1,2.81,0
327,33,Female,Lucknow,3,1273.64,1,7.91,1
328,42,Female,Nagpur,24,586.04,0,9.36,0
329,42,Female,Bhopal,48,1163.03,1,5.14,0
330,49,Female,Chennai,13,1707.29,0,0.77,0
331,41,Male,Ahmedabad,27,881.25,0,13.66,0
332,24,Female,Pune,9,1316.02,5,0.75,0
333,30,Male,Chennai,35,158.2,0,1.77,1
334,29,Male,Delhi,67,1137.07,2,2.07,0
335,45,Male,Hyderabad,7,144.0,1,4.29,0
336,43,Male,Hyderabad,23,455.86,3,7.02,0
337,30,Male,Delhi,42,949.69,3,6.33,0
338,18,Male,Mumbai,50,637.74,1,5.2,0
339,37,Female,Chennai,38,263.81,1,6.76,1
340,18,Other,Kolkata,45,1111.61,5,6.81,0
341,22,Male,Surat,15,1781.54,1,13.28,0
342,37,Female,Pune,33,534.99,1,5.33,0
343,38,Female,Hyderabad,26,1365.47,3,0.63,0
344,26,Male,Mumbai,13,3045.75,0,12.5,0
345,35,Male,Mumbai,28,513.65,7,8.8,0
346,39,Female,Delhi,16,432.28,1,20.0,0
347,56,Female,Hyderabad,11,3252.97,0,18.07,0
348,44,Female,Delhi,33,2716.0,0,16.02,0
349,26,Female,Guwahati,64,1328.08,0,5.18,0
350,29,Male,Mumbai,7,226.31,2,8.12,1
351,39,Female,Kolkata,9,5068.32,4,2.98,0
352,45,Male,Jaipur,35,825.08,3,4.03,0
353,35,Male,Bengaluru,3,1400.09,4,7.65,0
354,33,Male,Pune,16,747.86,1,9.88,0
355,52,Male,Coimbatore,39,588.32,1,2.09,0
356,35,Male,Visakhapatnam,19,252.17,4,4.42,0
357,18,Male,Delhi,29,319.45,2,3.13,0
358,68,Female,Lucknow,59,398.04,2,1.69,0
359,31,Male,Kanpur,41,406.44,0,5.15,0
360,29,Male,Mumbai,5,288.53,0,8.71,0
361,39,Male,Bengaluru,19,635.15,1,5.88,0
362,36,Male,Thiruvananthapuram,61,1522.58,2,3.69,0
363,45,Male,Delhi,28,637.27,1,3.78,1
364,36,Male,Delhi,6,824.86,3,10.21,0
365,43,Male,Kanpur,39,3087.48,0,11.3,0
366,26,Male,Lucknow,39,144.0,1,10.01,0
367,18,Male,Hyderabad,63,945.0,1,1.17,0
368,39,Female,Vadodara,38,1540.79,0,6.61,0
369,22,Female,Bhopal,45,862.68,1,2.09,0
370,18,Female,Pune,54,150.17,2,20.0,0
371,37,Female,Patna,3,415.3,0,9.77,1
372,36,Male,Kolkata,28,849.87,1,2.34,0
373,41,Male,Kolkata,26,511.2,5,5.96,0
374,48,Male,Bengaluru,28,1122.07,0,3.05,0
375,33,Female,Kolkata,27,553.62,2,1.54,0
376,18,Female,Mumbai,22,351.36,1,2.98,0
377,44,Male,Nagpur,46,410.14,1,1.43,1
378,42,Male,Visakhapatnam,21,285.35,1,7.9,0
379,22,Female,Delhi,54,717.4,2,1.23,0
380,57,Male,Bengaluru,12,1382.96,1,5.77,0
381,25,Male,Delhi,19,606.45,2,2.73,0
382,47,Female,Mumbai,3,1131.87,2,0.28,1
383,43,Female,Bengaluru,3,516.39,3,9.23,0
384,23,Male,Hyderabad,64,800.32,2,10.33,0
385,29,Female,Visakhapatnam,8,821.16,6,10.41,0
386,42,Male,Visakhapatnam,32,197.95,3,3.76,0
387,47,Male,Kolkata,42,1701.92,1,5.44,0
388,27,Female,Delhi,37,2263.35,1,7.29,0
389,27,Female,Nagpur,55,402.46,1,16.87,1
390,20,Female,Mumbai,73,490.08,1,8.22,0
391,50,Male,Coimbatore,26,536.9,3,5.42,0
392,46,Female,Bengaluru,24,248.28,1,1.76,0
393,34,Female,Ghaziabad,49,320.71,0,7.11,0
394,19,Male,Bengaluru,18,513.39,2,1.33,1
395,33,Male,Bengaluru,3,214.63,3,6.23,0
396,35,Female,Guwahati,36,371.08,4,1.61,1
397,41,Male,Bengaluru,18,1570.92,1,3.97,0
398,18,Female,Kanpur,21,615.11,0,3.94,0
399,43,Female,Mumbai,18,499.0,1,10.14,0
400,32,Female,Noida,25,638.62,1,6.54,0
401,47,Female,Bhopal,35,2787.08,2,6.18,0
402,42,Male,Hyderabad,13,1368.37,1,20.0,0
403,23,Female,Bhopal,84,193.75,1,14.39,1
404,35,Male,Kanpur,3,1005.61,1,4.48,0
405,29,Female,Guwahati,54,987.98,1,6.32,0
406,37,Female,Delhi,24,231.67,2,3.52,1
407,25,Male,Mumbai,17,1925.52,0,10.84,0
408,29,Female,Chennai,26,712.27,3,2.57,0
409,29,Female,Noida,48,314.71,3,5.22,0
410,18,Male,Chennai,23,705.72,3,0.6,0
411,40,Male,Hyderabad,28,279.37,0,4.04,0
412,57,Male,Hyderabad,25,1200.59,1,6.11,0
413,30,Female,Kolkata,14,497.48,1,7.83,1
414,40,Male,Guwahati,50,413.88,0,1.19,0
415,30,Male,Bhopal,42,391.23,1,5.78,1
416,18,Male,Mumbai,34,936.69,1,3.81,0
417,23,Male,Hyderabad,48,933.7,3,2.98,0
418,54,Female,Mumbai,47,398.88,3,3.62,0
419,61,Male,Bengaluru,35,147.0,1,8.6,0
420,35,Female,Mumbai,26,465.78,1,2.65,0
421,25,Female,Mumbai,30,589.3,0,3.6,0
422,45,Male,Lucknow,40,854.52,1,3.44,0
423,24,Female,Bengaluru,52,597.87,0,1.51,0
424,38,Female,Bengaluru,30,919.95,1,10.59,0
425,35,Male,Kolkata,43,1620.36,1,7.11,0
426,26,Male,Chennai,41,437.42,1,5.17,0
427,42,Female,Delhi,3,568.36,1,20.0,0
428,34,Female,Delhi,6,536.48,1,12.25,1
429,56,Female,Mumbai,55,517.9,3,3.67,0
430,49,Male,Mysuru,24,987.24,1,4.2,0
431,36,Female,Chennai,14,975.53,2,3.65,0
432,19,Female,Chennai,57,2589.94,4,6.13,0
433,23,Female,Pune,5,1135.64,4,6.99,0
434,48,Female,Lucknow,52,679.56,2,6.31,0
435,45,Male,Noida,42,252.87,1,2.91,0
436,21,Male,Delhi,35,1898.08,2,4.28,0
437,36,Male,Mumbai,13,626.16,1,5.93,0
438,26,Male,Pune,44,783.4,3,3.19,0
439,21,Female,Lucknow,16,5787.94,1,8.5,0
440,18,Female,Hyderabad,40,574.98,1,7.86,0
441,33,Male,Delhi,33,1286.59,2,8.68,0
442,34,Male,Pune,34,620.2,1,1.85,0
443,30,Female,Nagpur,13,1725.32,2,1.0,0
444,20,Female,Chennai,6,1285.33,1,1.45,0
445,38,Female,Noida,26,1800.42,1,4.23,0
446,28,Female,Kolkata,41,311.13,1,2.52,1
447,43,Female,Pune,23,1150.36,4,11.18,0
448,38,Male,Mumbai,3,1037.44,2,11.6,0
449,30,Female,Pune,37,1131.63,0,12.73,0
450,46,Female,Mumbai,32,233.69,1,2.51,1
451,26,Female,Mumbai,31,979.3,1,7.06,0
452,27,Male,Patna,28,976.57,1,2.63,0
453,36,Male,Guwahati,7,1468.32,4,7.98,0
454,44,Female,Chennai,17,1744.42,1,4.38,1
455,33,Male,Bengaluru,27,341.77,2,3.7,1
456,36,Female,Delhi,44,232.83,2,2.86,0
457,38,Male,Lucknow,34,3345.25,2,11.04,0
458,31,Male,Mumbai,33,489.94,1,12.11,0
459,38,Female,Ahmedabad,68,2241.05,1,5.37,1
460,38,Female,Chennai,35,2556.84,0,15.47,0
461,18,Other,Surat,16,1564.44,1,11.23,0
462,51,Male,Nagpur,34,2058.34,0,12.83,0
463,52,Male,Hyderabad,3,631.67,3,8.5,0
464,37,Male,Ahmedabad,29,855.41,3,7.17,0
465,47,Female,Mumbai,26,1620.95,3,4.89,0
466,37,Male,Mumbai,3,550.33,4,0.78,0
467,45,Male,Coimbatore,3,435.3,2,17.85,1
468,47,Female,Kolkata,43,565.47,1,15.69,1
469,30,Male,Bengaluru,25,182.3,1,3.49,1
470,41,Female,Jaipur,20,1289.37,0,2.25,0
471,52,Male,Thiruvananthapuram,40,735.29,0,3.79,0
472,48,Female,Delhi,35,2733.25,4,9.58,0
473,54,Female,Chennai,44,1101.85,3,2.72,0
474,53,Female,Mumbai,19,3354.99,1,13.48,0
475,43,Female,Bengaluru,32,1764.19,1,2.55,0
476,24,Male,Bengaluru,67,1210.29,2,2.79,0
477,43,Male,Pune,37,2132.27,2,11.53,0
478,46,Female,Patna,24,268.31,1,19.69,0
479,46,Female,Mumbai,44,1979.01,0,3.11,0
480,28,Male,Bengaluru,42,762.57,3,1.06,0
481,44,Male,Mumbai,65,342.65,1,2.39,0
482,29,Female,Mumbai,27,331.97,1,8.11,0
483,44,Male,Hyderabad,35,1509.24,3,3.85,1
484,59,Female,Delhi,46,989.32,1,6.13,0
485,24,Male,Guwahati,38,540.53,0,4.35,0
486,31,Female,Chennai,24,144.0,1,11.99,1
487,36,Female,Bengaluru,53,747.62,3,6.79,0
488,51,Male,Chennai,3,1191.72,1,6.83,0
489,75,Male,Bengaluru,32,333.25,3,3.74,0
490,41,Male,Visakhapatnam,36,485.15,4,0.83,0
491,37,Male,Mumbai,7,389.3,2,2.62,0
492,34,Other,Ahmedabad,38,1837.33,1,4.32,0
493,18,Female,Mumbai,24,862.59,1,6.82,0
494,35,Female,Hyderabad,17,557.03,1,1.62,0
495,37,Male,Pune,23,309.25,1,2.24,0
496,52,Female,Mumbai,62,3728.62,0,4.28,0
497,18,Male,Visakhapatnam,40,457.23,2,9.15,0
498,34,Male,Chennai,3,1545.39,0,10.05,0
499,38,Female,Coimbatore,38,1693.71,1,0.47,0
500,20,Female,Bengaluru,32,614.94,1,2.95,0
