product_id,product_name,category,unit_price
1,Smartphone,Electronics,1788.86
2,Denim Jeans,Fashion,747.16
3,Ceiling Fan,Home,822.6
4,Whole Wheat Flour,Groceries,376.1
5,Thermos Bottle,Health,169.76
6,Startup Manual,Books,111.35
7,Nail Kit,Beauty,581.63
8,Skipping Rope,Sports,502.26
9,Tablet,Electronics,1912.2
10,Wrist Watch,Fashion,789.63
11,Dining Set,Home,872.45
12,Cooking Oil,Groceries,229.72
13,Yoga Mat,Health,442.3
14,Cooking Book,Books,131.16
15,Skin Cream,Beauty,812.66
16,Cycling Helmet,Sports,1068.29
17,Mouse,Electronics,1870.18
18,Handbag,Fashion,1561.59
19,Mattress,Home,1141.36
20,Milk Pack,Groceries,206.48
